store_key,division,district,upazila
S0001,SYLHET,HABIGANJ,AJMIRIGANJ
S0002,SYLHET,HABIGANJ,BAHUBAL
S0003,SYLHET,HABIGANJ,BANIACHONG
S0004,SYLHET,HABIGANJ,CHUNARUGHAT
S0005,SYLHET,HABIGANJ,HABIGANJ SADAR
S0006,SYLHET,HABIGANJ,LAKHAI
S0007,SYLHET,HABIGANJ,MADHABPUR
S0008,SYLHET,HABIGANJ,NABIGANJ
S0009,SYLHET,MAULVIBAZAR,BARLEKHA
S0010,SYLHET,MAULVIBAZAR,JURI
S0011,SYLHET,MAULVIBAZAR,KAMALGANJ
S0012,SYLHET,MAULVIBAZAR,KULAURA
S0013,SYLHET,MAULVIBAZAR,MAULVIBAZAR SADAR
S0014,SYLHET,MAULVIBAZAR,RAJNAGAR
S0015,SYLHET,MAULVIBAZAR,SREEMANGAL
S0016,SYLHET,SUNAMGANJ,BISHWAMBARPUR
S0017,SYLHET,SUNAMGANJ,CHHATAK
S0018,SYLHET,SUNAMGANJ,DAKSHIN SUNAMGANJ
S0019,SYLHET,SUNAMGANJ,DERAI
S0020,SYLHET,SUNAMGANJ,DHARAMPASHA
S0021,SYLHET,SUNAMGANJ,DOWARABAZAR
S0022,SYLHET,SUNAMGANJ,JAGANNATHPUR
S0023,SYLHET,SUNAMGANJ,JAMALGANJ
S0024,SYLHET,SUNAMGANJ,SULLA
S0025,SYLHET,SUNAMGANJ,SUNAMGANJ SADAR
S0026,SYLHET,SUNAMGANJ,TAHIRPUR
S0027,SYLHET,SYLHET,BALAGANJ
S0028,SYLHET,SYLHET,BEANI BAZAR
S0029,SYLHET,SYLHET,BISHWANATH
S0030,SYLHET,SYLHET,COMPANIGANJ
S0031,SYLHET,SYLHET,DAKSHIN SURMA
S0032,SYLHET,SYLHET,FENCHUGANJ
S0033,SYLHET,SYLHET,GOLAPGANJ
S0034,SYLHET,SYLHET,GOWAINGHAT
S0035,SYLHET,SYLHET,JAINTIAPUR
S0036,SYLHET,SYLHET,KANAIGHAT
S0037,SYLHET,SYLHET,SYLHET SADAR
S0038,SYLHET,SYLHET,ZAKIGANJ
S0039,RANGPUR,DINAJPUR,BIRAMPUR
S0040,RANGPUR,DINAJPUR,BIRGANJ
S0041,RANGPUR,DINAJPUR,BIRAL
S0042,RANGPUR,DINAJPUR,BOCHAGANJ
S0043,RANGPUR,DINAJPUR,CHIRIRBANDAR
S0044,RANGPUR,DINAJPUR,FULBARI
S0045,RANGPUR,DINAJPUR,GHORAGHAT
S0046,RANGPUR,DINAJPUR,HAKIMPUR
S0047,RANGPUR,DINAJPUR,KAHAROLE
S0048,RANGPUR,DINAJPUR,KHANSAMA
S0049,RANGPUR,DINAJPUR,DINAJPUR SADAR
S0050,RANGPUR,DINAJPUR,NAWABGANJ
S0051,RANGPUR,DINAJPUR,PARBATIPUR
S0052,RANGPUR,GAIBANDHA,FULCHHARI
S0053,RANGPUR,GAIBANDHA,GAIBANDHA SADAR
S0054,RANGPUR,GAIBANDHA,GOBINDAGANJ
S0055,RANGPUR,GAIBANDHA,PALASHBARI
S0056,RANGPUR,GAIBANDHA,SADULLAPUR
S0057,RANGPUR,GAIBANDHA,SAGHATA
S0058,RANGPUR,GAIBANDHA,SUNDARGANJ
S0059,RANGPUR,KURIGRAM,BHURUNGAMARI
S0060,RANGPUR,KURIGRAM,CHAR RAJIBPUR
S0061,RANGPUR,KURIGRAM,CHILMARI
S0062,RANGPUR,KURIGRAM,PHULBARI
S0063,RANGPUR,KURIGRAM,KURIGRAM SADAR
S0064,RANGPUR,KURIGRAM,NAGESHWARI
S0065,RANGPUR,KURIGRAM,RAJARHAT
S0066,RANGPUR,KURIGRAM,RAUMARI
S0067,RANGPUR,KURIGRAM,ULIPUR
S0068,RANGPUR,LALMONIRHAT,ADITMARI
S0069,RANGPUR,LALMONIRHAT,HATIBANDHA
S0070,RANGPUR,LALMONIRHAT,KALIGANJ
S0071,RANGPUR,LALMONIRHAT,LALMONIRHAT SADAR
S0072,RANGPUR,LALMONIRHAT,PATGRAM
S0073,RANGPUR,NILPHAMARI,DIMLA
S0074,RANGPUR,NILPHAMARI,DOMAR UPAZILA
S0075,RANGPUR,NILPHAMARI,JALDHAKA
S0076,RANGPUR,NILPHAMARI,KISHOREGANJ
S0077,RANGPUR,NILPHAMARI,NILPHAMARI SADAR
S0078,RANGPUR,NILPHAMARI,SAIDPUR UPAZILA
S0079,RANGPUR,PANCHAGARH,ATWARI
S0080,RANGPUR,PANCHAGARH,BODA
S0081,RANGPUR,PANCHAGARH,DEBIGANJ
S0082,RANGPUR,PANCHAGARH,PANCHAGARH SADAR
S0083,RANGPUR,PANCHAGARH,TENTULIA
S0084,RANGPUR,RANGPUR,BADARGANJ
S0085,RANGPUR,RANGPUR,GANGACHARA
S0086,RANGPUR,RANGPUR,KAUNIA
S0087,RANGPUR,RANGPUR,RANGPUR SADAR
S0088,RANGPUR,RANGPUR,MITHA PUKUR
S0089,RANGPUR,RANGPUR,PIRGACHHA
S0090,RANGPUR,RANGPUR,PIRGANJ
S0091,RANGPUR,RANGPUR,TARAGANJ
S0092,RANGPUR,THAKURGAON,BALIADANGI
S0093,RANGPUR,THAKURGAON,HARIPUR
S0094,RANGPUR,THAKURGAON,PIRGANJ
S0095,RANGPUR,THAKURGAON,RANISANKAIL
S0096,RANGPUR,THAKURGAON,THAKURGAON SADAR
S0097,RAJSHAHI,BOGRA,ADAMDIGHI
S0098,RAJSHAHI,BOGRA,BOGRA SADAR
S0099,RAJSHAHI,BOGRA,DHUNAT
S00100,RAJSHAHI,BOGRA,DHUPCHANCHIA
S00101,RAJSHAHI,BOGRA,GABTALI
S00102,RAJSHAHI,BOGRA,KAHALOO
S00103,RAJSHAHI,BOGRA,NANDIGRAM
S00104,RAJSHAHI,BOGRA,SARIAKANDI
S00105,RAJSHAHI,BOGRA,SHAJAHANPUR
S00106,RAJSHAHI,BOGRA,SHERPUR
S00107,RAJSHAHI,BOGRA,SHIBGANJ
S00108,RAJSHAHI,BOGRA,SONATOLA
S00109,RAJSHAHI,JOYPURHAT,AKKELPUR
S00110,RAJSHAHI,JOYPURHAT,JOYPURHAT SADAR
S00111,RAJSHAHI,JOYPURHAT,KALAI
S00112,RAJSHAHI,JOYPURHAT,KHETLAL
S00113,RAJSHAHI,JOYPURHAT,PANCHBIBI
S00114,RAJSHAHI,NAOGAON,ATRAI
S00115,RAJSHAHI,NAOGAON,BADALGACHHI
S00116,RAJSHAHI,NAOGAON,DHAMOIRHAT
S00117,RAJSHAHI,NAOGAON,MANDA
S00118,RAJSHAHI,NAOGAON,MAHADEBPUR
S00119,RAJSHAHI,NAOGAON,NAOGAON SADAR
S00120,RAJSHAHI,NAOGAON,NIAMATPUR
S00121,RAJSHAHI,NAOGAON,PATNITALA
S00122,RAJSHAHI,NAOGAON,PORSHA
S00123,RAJSHAHI,NAOGAON,RANINAGAR
S00124,RAJSHAHI,NAOGAON,SAPAHAR
S00125,RAJSHAHI,NATORE,BAGATIPARA
S00126,RAJSHAHI,NATORE,BARAIGRAM
S00127,RAJSHAHI,NATORE,GURUDASPUR
S00128,RAJSHAHI,NATORE,LALPUR
S00129,RAJSHAHI,NATORE,NALDANGA
S00130,RAJSHAHI,NATORE,NATORE SADAR
S00131,RAJSHAHI,NATORE,SINGRA
S00132,RAJSHAHI,CHAPAI NABABGANJ,BHOLAHAT
S00133,RAJSHAHI,CHAPAI NABABGANJ,GOMASTAPUR
S00134,RAJSHAHI,CHAPAI NABABGANJ,NACHOLE
S00135,RAJSHAHI,CHAPAI NABABGANJ,CHAPAI NABABGANJ SADAR
S00136,RAJSHAHI,CHAPAI NABABGANJ,SHIBGANJ
S00137,RAJSHAHI,PABNA,ATGHARIA
S00138,RAJSHAHI,PABNA,BERA
S00139,RAJSHAHI,PABNA,BHANGURA
S00140,RAJSHAHI,PABNA,CHATMOHAR
S00141,RAJSHAHI,PABNA,FARIDPUR
S00142,RAJSHAHI,PABNA,ISHWARDI
S00143,RAJSHAHI,PABNA,PABNA SADAR
S00144,RAJSHAHI,PABNA,SANTHIA
S00145,RAJSHAHI,PABNA,SUJANAGAR
S00146,RAJSHAHI,RAJSHAHI,BAGHA
S00147,RAJSHAHI,RAJSHAHI,BAGHMARA
S00148,RAJSHAHI,RAJSHAHI,BOALIA
S00149,RAJSHAHI,RAJSHAHI,CHARGHAT
S00150,RAJSHAHI,RAJSHAHI,DURGAPUR
S00151,RAJSHAHI,RAJSHAHI,GODAGARI
S00152,RAJSHAHI,RAJSHAHI,MATIHAR
S00153,RAJSHAHI,RAJSHAHI,MOHANPUR
S00154,RAJSHAHI,RAJSHAHI,PABA
S00155,RAJSHAHI,RAJSHAHI,PUTHIA
S00156,RAJSHAHI,RAJSHAHI,RAJPARA
S00157,RAJSHAHI,RAJSHAHI,SHAH MAKHDUM
S00158,RAJSHAHI,RAJSHAHI,TANORE
S00159,RAJSHAHI,SIRAJGANJ,BELKUCHI
S00160,RAJSHAHI,SIRAJGANJ,CHAUHALI
S00161,RAJSHAHI,SIRAJGANJ,KAMARKHANDA
S00162,RAJSHAHI,SIRAJGANJ,KAZIPUR
S00163,RAJSHAHI,SIRAJGANJ,ROYGANJ
S00164,RAJSHAHI,SIRAJGANJ,SHAHJADPUR
S00165,RAJSHAHI,SIRAJGANJ,SIRAJGANJ SADAR
S00166,RAJSHAHI,SIRAJGANJ,TARASH
S00167,RAJSHAHI,SIRAJGANJ,ULLAH PARA
S00168,KHULNA,BAGERHAT,BAGERHAT SADAR
S00169,KHULNA,BAGERHAT,CHITALMARI
S00170,KHULNA,BAGERHAT,FAKIRHAT
S00171,KHULNA,BAGERHAT,KACHUA
S00172,KHULNA,BAGERHAT,MOLLAHAT
S00173,KHULNA,BAGERHAT,MONGLA
S00174,KHULNA,BAGERHAT,MORRELGANJ
S00175,KHULNA,BAGERHAT,RAMPAL
S00176,KHULNA,BAGERHAT,SARANKHOLA
S00177,KHULNA,CHUADANGA,ALAMDANGA
S00178,KHULNA,CHUADANGA,CHUADANGA SADAR
S00179,KHULNA,CHUADANGA,DAMURHUDA
S00180,KHULNA,CHUADANGA,JIBAN NAGAR
S00181,KHULNA,JESSORE,ABHAYNAGAR
S00182,KHULNA,JESSORE,BAGHER PARA
S00183,KHULNA,JESSORE,CHAUGACHHA
S00184,KHULNA,JESSORE,JHIKARGACHHA
S00185,KHULNA,JESSORE,KESHABPUR
S00186,KHULNA,JESSORE,JESSORE SADAR
S00187,KHULNA,JESSORE,MANIRAMPUR
S00188,KHULNA,JESSORE,SHARSHA
S00189,KHULNA,JHENAIDAH,HARINAKUNDA
S00190,KHULNA,JHENAIDAH,JHENAIDAH SADAR
S00191,KHULNA,JHENAIDAH,KALIGANJ
S00192,KHULNA,JHENAIDAH,KOTCHANDPUR
S00193,KHULNA,JHENAIDAH,MAHESHPUR
S00194,KHULNA,JHENAIDAH,SHAILKUPA
S00195,KHULNA,KHULNA,BATIAGHATA
S00196,KHULNA,KHULNA,DACOPE
S00197,KHULNA,KHULNA,DAULATPUR
S00198,KHULNA,KHULNA,DUMURIA
S00199,KHULNA,KHULNA,DIGHALIA
S00200,KHULNA,KHULNA,KHALISHPUR
S00201,KHULNA,KHULNA,KHAN JAHAN ALI
S00202,KHULNA,KHULNA,KHULNA SADAR
S00203,KHULNA,KHULNA,KOYRA
S00204,KHULNA,KHULNA,PAIKGACHHA
S00205,KHULNA,KHULNA,PHULTALA
S00206,KHULNA,KHULNA,RUPSA
S00207,KHULNA,KHULNA,SONADANGA
S00208,KHULNA,KHULNA,TEROKHADA
S00209,KHULNA,KUSHTIA,BHERAMARA
S00210,KHULNA,KUSHTIA,DAULATPUR
S00211,KHULNA,KUSHTIA,KHOKSA
S00212,KHULNA,KUSHTIA,KUMARKHALI
S00213,KHULNA,KUSHTIA,KUSHTIA SADAR
S00214,KHULNA,KUSHTIA,MIRPUR
S00215,KHULNA,MAGURA,MAGURA SADAR
S00216,KHULNA,MAGURA,MOHAMMADPUR
S00217,KHULNA,MAGURA,SHALIKHA
S00218,KHULNA,MAGURA,SREEPUR
S00219,KHULNA,MEHERPUR,GANGNI
S00220,KHULNA,MEHERPUR,MUJIB NAGAR
S00221,KHULNA,MEHERPUR,MEHERPUR SADAR
S00222,KHULNA,NARAIL,KALIA
S00223,KHULNA,NARAIL,LOHAGARA
S00224,KHULNA,NARAIL,NARAIL SADAR
S00225,KHULNA,SATKHIRA,ASSASUNI
S00226,KHULNA,SATKHIRA,DEBHATA
S00227,KHULNA,SATKHIRA,KALAROA
S00228,KHULNA,SATKHIRA,KALIGANJ
S00229,KHULNA,SATKHIRA,SATKHIRA SADAR
S00230,KHULNA,SATKHIRA,SHYAMNAGAR
S00231,KHULNA,SATKHIRA,TALA
S00232,DHAKA,DHAKA,ADABOR
S00233,DHAKA,DHAKA,BADDA
S00234,DHAKA,DHAKA,BANGSHAL
S00235,DHAKA,DHAKA,BIMAN BANDAR
S00236,DHAKA,DHAKA,BANANI
S00237,DHAKA,DHAKA,CANTONMENT
S00238,DHAKA,DHAKA,CHAK BAZAR
S00239,DHAKA,DHAKA,DAKSHINKHAN
S00240,DHAKA,DHAKA,DARUS SALAM
S00241,DHAKA,DHAKA,DEMRA
S00242,DHAKA,DHAKA,DHAMRAI
S00243,DHAKA,DHAKA,DHANMONDI
S00244,DHAKA,DHAKA,DOHAR
S00245,DHAKA,DHAKA,BHASAN TEK
S00246,DHAKA,DHAKA,BHATARA
S00247,DHAKA,DHAKA,GENDARIA
S00248,DHAKA,DHAKA,GULSHAN
S00249,DHAKA,DHAKA,HAZARIBAGH
S00250,DHAKA,DHAKA,JATRABARI
S00251,DHAKA,DHAKA,KAFRUL
S00252,DHAKA,DHAKA,KADAMTALI
S00253,DHAKA,DHAKA,KALABAGAN
S00254,DHAKA,DHAKA,KAMRANGIR CHAR
S00255,DHAKA,DHAKA,KHILGAON
S00256,DHAKA,DHAKA,KHILKHET
S00257,DHAKA,DHAKA,KERANIGANJ
S00258,DHAKA,DHAKA,KOTWALI
S00259,DHAKA,DHAKA,LALBAGH
S00260,DHAKA,DHAKA,MIRPUR
S00261,DHAKA,DHAKA,MOHAMMADPUR
S00262,DHAKA,DHAKA,MOTIJHEEL
S00263,DHAKA,DHAKA,MUGDA PARA
S00264,DHAKA,DHAKA,NAWABGANJ
S00265,DHAKA,DHAKA,NEW MARKET
S00266,DHAKA,DHAKA,PALLABI
S00267,DHAKA,DHAKA,PALTAN
S00268,DHAKA,DHAKA,RAMNA
S00269,DHAKA,DHAKA,RAMPURA
S00270,DHAKA,DHAKA,SABUJBAGH
S00271,DHAKA,DHAKA,RUPNAGAR
S00272,DHAKA,DHAKA,SAVAR
S00273,DHAKA,DHAKA,SHAHJAHANPUR
S00274,DHAKA,DHAKA,SHAH ALI
S00275,DHAKA,DHAKA,SHAHBAGH
S00276,DHAKA,DHAKA,SHYAMPUR
S00277,DHAKA,DHAKA,SHER-E-BANGLA NAGAR
S00278,DHAKA,DHAKA,SUTRAPUR
S00279,DHAKA,DHAKA,TEJGAON
S00280,DHAKA,DHAKA,TEJGAON IND. AREA
S00281,DHAKA,DHAKA,TURAG
S00282,DHAKA,DHAKA,UTTARA  PASCHIM
S00283,DHAKA,DHAKA,UTTARA  PURBA
S00284,DHAKA,DHAKA,UTTAR KHAN
S00285,DHAKA,DHAKA,WARI
S00286,DHAKA,FARIDPUR,ALFADANGA
S00287,DHAKA,FARIDPUR,BHANGA
S00288,DHAKA,FARIDPUR,BOALMARI
S00289,DHAKA,FARIDPUR,CHAR BHADRASAN
S00290,DHAKA,FARIDPUR,FARIDPUR SADAR
S00291,DHAKA,FARIDPUR,MADHUKHALI
S00292,DHAKA,FARIDPUR,NAGARKANDA
S00293,DHAKA,FARIDPUR,SADARPUR
S00294,DHAKA,FARIDPUR,SALTHA
S00295,DHAKA,GAZIPUR,GAZIPUR SADAR
S00296,DHAKA,GAZIPUR,KALIAKAIR
S00297,DHAKA,GAZIPUR,KALIGANJ
S00298,DHAKA,GAZIPUR,KAPASIA
S00299,DHAKA,GAZIPUR,SREEPUR
S00300,DHAKA,GOPALGANJ,GOPALGANJ SADAR
S00301,DHAKA,GOPALGANJ,KASHIANI
S00302,DHAKA,GOPALGANJ,KOTALIPARA
S00303,DHAKA,GOPALGANJ,MUKSUDPUR
S00304,DHAKA,GOPALGANJ,TUNGIPARA
S00305,DHAKA,JAMALPUR,BAKSHIGANJ
S00306,DHAKA,JAMALPUR,DEWANGANJ
S00307,DHAKA,JAMALPUR,ISLAMPUR
S00308,DHAKA,JAMALPUR,JAMALPUR SADAR
S00309,DHAKA,JAMALPUR,MADARGANJ
S00310,DHAKA,JAMALPUR,MELANDAHA
S00311,DHAKA,JAMALPUR,SARISHABARI UPAZILA
S00312,DHAKA,KISHOREGONJ,AUSTAGRAM
S00313,DHAKA,KISHOREGONJ,BAJITPUR
S00314,DHAKA,KISHOREGONJ,BHAIRAB
S00315,DHAKA,KISHOREGONJ,HOSSAINPUR
S00316,DHAKA,KISHOREGONJ,ITNA
S00317,DHAKA,KISHOREGONJ,KARIMGANJ
S00318,DHAKA,KISHOREGONJ,KATIADI
S00319,DHAKA,KISHOREGONJ,KISHOREGANJ SADAR
S00320,DHAKA,KISHOREGONJ,KULIAR CHAR
S00321,DHAKA,KISHOREGONJ,MITHAMAIN
S00322,DHAKA,KISHOREGONJ,NIKLI
S00323,DHAKA,KISHOREGONJ,PAKUNDIA
S00324,DHAKA,KISHOREGONJ,TARAIL
S00325,DHAKA,MADARIPUR,KALKINI
S00326,DHAKA,MADARIPUR,MADARIPUR SADAR
S00327,DHAKA,MADARIPUR,RAJOIR
S00328,DHAKA,MADARIPUR,SHIBCHAR
S00329,DHAKA,MANIKGANJ,DAULATPUR
S00330,DHAKA,MANIKGANJ,GHIOR
S00331,DHAKA,MANIKGANJ,HARIRAMPUR
S00332,DHAKA,MANIKGANJ,MANIKGANJ SADAR
S00333,DHAKA,MANIKGANJ,SATURIA
S00334,DHAKA,MANIKGANJ,SHIBALAYA
S00335,DHAKA,MANIKGANJ,SINGAIR
S00336,DHAKA,MUNSHIGANJ,GAZARIA
S00337,DHAKA,MUNSHIGANJ,LOHAJANG
S00338,DHAKA,MUNSHIGANJ,MUNSHIGANJ SADAR
S00339,DHAKA,MUNSHIGANJ,SERAJDIKHAN
S00340,DHAKA,MUNSHIGANJ,SREENAGAR
S00341,DHAKA,MUNSHIGANJ,TONGIBARI
S00342,DHAKA,MYMENSINGH,BHALUKA
S00343,DHAKA,MYMENSINGH,DHOBAURA
S00344,DHAKA,MYMENSINGH,FULBARIA
S00345,DHAKA,MYMENSINGH,GAFFARGAON
S00346,DHAKA,MYMENSINGH,GAURIPUR
S00347,DHAKA,MYMENSINGH,HALUAGHAT
S00348,DHAKA,MYMENSINGH,ISHWARGANJ
S00349,DHAKA,MYMENSINGH,MYMENSINGH SADAR
S00350,DHAKA,MYMENSINGH,MUKTAGACHHA
S00351,DHAKA,MYMENSINGH,NANDAIL
S00352,DHAKA,MYMENSINGH,PHULPUR
S00353,DHAKA,MYMENSINGH,TARAKANDA
S00354,DHAKA,MYMENSINGH,TRISHAL
S00355,DHAKA,NARAYANGANJ,ARAIHAZAR
S00356,DHAKA,NARAYANGANJ,SONARGAON
S00357,DHAKA,NARAYANGANJ,BANDAR
S00358,DHAKA,NARAYANGANJ,NARAYANGANJ SADAR
S00359,DHAKA,NARAYANGANJ,RUPGANJ
S00360,DHAKA,NARSINGDI,BELABO
S00361,DHAKA,NARSINGDI,MANOHARDI
S00362,DHAKA,NARSINGDI,NARSINGDI SADAR
S00363,DHAKA,NARSINGDI,PALASH
S00364,DHAKA,NARSINGDI,ROYPURA
S00365,DHAKA,NARSINGDI,SHIBPUR
S00366,DHAKA,NETRAKONA,ATPARA
S00367,DHAKA,NETRAKONA,BARHATTA
S00368,DHAKA,NETRAKONA,DURGAPUR
S00369,DHAKA,NETRAKONA,KHALIAJURI
S00370,DHAKA,NETRAKONA,KALMAKANDA
S00371,DHAKA,NETRAKONA,KENDUA
S00372,DHAKA,NETRAKONA,MADAN
S00373,DHAKA,NETRAKONA,MOHANGANJ
S00374,DHAKA,NETRAKONA,NETROKONA SADAR
S00375,DHAKA,NETRAKONA,PURBADHALA
S00376,DHAKA,RAJBARI,BALIAKANDI
S00377,DHAKA,RAJBARI,GOALANDA
S00378,DHAKA,RAJBARI,KALUKHALI
S00379,DHAKA,RAJBARI,PANGSHA
S00380,DHAKA,RAJBARI,RAJBARI SADAR
S00381,DHAKA,SHARIATPUR,BHEDARGANJ
S00382,DHAKA,SHARIATPUR,DAMUDYA
S00383,DHAKA,SHARIATPUR,GOSAIRHAT
S00384,DHAKA,SHARIATPUR,NARIA
S00385,DHAKA,SHARIATPUR,SHARIATPUR SADAR
S00386,DHAKA,SHARIATPUR,ZANJIRA
S00387,DHAKA,SHERPUR,JHENAIGATI
S00388,DHAKA,SHERPUR,NAKLA
S00389,DHAKA,SHERPUR,NALITABARI
S00390,DHAKA,SHERPUR,SHERPUR SADAR
S00391,DHAKA,SHERPUR,SREEBARDI
S00392,DHAKA,TANGAIL,BASAIL
S00393,DHAKA,TANGAIL,BHUAPUR
S00394,DHAKA,TANGAIL,DELDUAR
S00395,DHAKA,TANGAIL,DHANBARI
S00396,DHAKA,TANGAIL,GHATAIL
S00397,DHAKA,TANGAIL,GOPALPUR
S00398,DHAKA,TANGAIL,KALIHATI
S00399,DHAKA,TANGAIL,MADHUPUR
S00400,DHAKA,TANGAIL,MIRZAPUR
S00401,DHAKA,TANGAIL,NAGARPUR
S00402,DHAKA,TANGAIL,SAKHIPUR
S00403,DHAKA,TANGAIL,TANGAIL SADAR
S00404,CHITTAGONG,BANDARBAN,ALIKADAM
S00405,CHITTAGONG,BANDARBAN,BANDARBAN SADAR
S00406,CHITTAGONG,BANDARBAN,LAMA
S00407,CHITTAGONG,BANDARBAN,NAIKHONGCHHARI
S00408,CHITTAGONG,BANDARBAN,ROWANGCHHARI
S00409,CHITTAGONG,BANDARBAN,RUMA
S00410,CHITTAGONG,BANDARBAN,THANCHI
S00411,CHITTAGONG,BRAHMANBARIA,AKHAURA
S00412,CHITTAGONG,BRAHMANBARIA,BANCHHARAMPUR
S00413,CHITTAGONG,BRAHMANBARIA,BIJOYNAGAR
S00414,CHITTAGONG,BRAHMANBARIA,BRAHMANBARIA SADAR
S00415,CHITTAGONG,BRAHMANBARIA,ASHUGANJ
S00416,CHITTAGONG,BRAHMANBARIA,KASBA
S00417,CHITTAGONG,BRAHMANBARIA,NABINAGAR
S00418,CHITTAGONG,BRAHMANBARIA,NASIRNAGAR
S00419,CHITTAGONG,BRAHMANBARIA,SARAIL
S00420,CHITTAGONG,CHANDPUR,CHANDPUR SADAR
S00421,CHITTAGONG,CHANDPUR,FARIDGANJ
S00422,CHITTAGONG,CHANDPUR,HAIM CHAR
S00423,CHITTAGONG,CHANDPUR,HAJIGANJ
S00424,CHITTAGONG,CHANDPUR,KACHUA
S00425,CHITTAGONG,CHANDPUR,MATLAB DAKSHIN
S00426,CHITTAGONG,CHANDPUR,MATLAB UTTAR
S00427,CHITTAGONG,CHANDPUR,SHAHRASTI
S00428,CHITTAGONG,CHITTAGONG,ANOWARA
S00429,CHITTAGONG,CHITTAGONG,BAYEJID BOSTAMI
S00430,CHITTAGONG,CHITTAGONG,BANSHKHALI
S00431,CHITTAGONG,CHITTAGONG,BAKALIA
S00432,CHITTAGONG,CHITTAGONG,BOALKHALI
S00433,CHITTAGONG,CHITTAGONG,CHANDANAISH
S00434,CHITTAGONG,CHITTAGONG,CHANDGAON
S00435,CHITTAGONG,CHITTAGONG,CHITTAGONG PORT
S00436,CHITTAGONG,CHITTAGONG,DOUBLE MOORING
S00437,CHITTAGONG,CHITTAGONG,FATIKCHHARI
S00438,CHITTAGONG,CHITTAGONG,HALISHAHAR
S00439,CHITTAGONG,CHITTAGONG,HATHAZARI
S00440,CHITTAGONG,CHITTAGONG,KOTWALI
S00441,CHITTAGONG,CHITTAGONG,KHULSHI
S00442,CHITTAGONG,CHITTAGONG,LOHAGARA
S00443,CHITTAGONG,CHITTAGONG,MIRSHARAI
S00444,CHITTAGONG,CHITTAGONG,PAHARTALI
S00445,CHITTAGONG,CHITTAGONG,PANCHLAISH
S00446,CHITTAGONG,CHITTAGONG,PATIYA
S00447,CHITTAGONG,CHITTAGONG,PATENGA
S00448,CHITTAGONG,CHITTAGONG,RANGUNIA
S00449,CHITTAGONG,CHITTAGONG,RAOZAN
S00450,CHITTAGONG,CHITTAGONG,SANDWIP
S00451,CHITTAGONG,CHITTAGONG,SATKANIA
S00452,CHITTAGONG,CHITTAGONG,SITAKUNDA
S00453,CHITTAGONG,COMILLA,BARURA
S00454,CHITTAGONG,COMILLA,BRAHMAN PARA
S00455,CHITTAGONG,COMILLA,BURICHANG
S00456,CHITTAGONG,COMILLA,CHANDINA
S00457,CHITTAGONG,COMILLA,CHAUDDAGRAM
S00458,CHITTAGONG,COMILLA,COMILLA SADAR DAKSHIN
S00459,CHITTAGONG,COMILLA,DAUDKANDI
S00460,CHITTAGONG,COMILLA,DEBIDWAR
S00461,CHITTAGONG,COMILLA,HOMNA
S00462,CHITTAGONG,COMILLA,COMILLA ADARSHA SADAR
S00463,CHITTAGONG,COMILLA,LAKSAM
S00464,CHITTAGONG,COMILLA,MANOHARGANJ
S00465,CHITTAGONG,COMILLA,MEGHNA
S00466,CHITTAGONG,COMILLA,MURADNAGAR
S00467,CHITTAGONG,COMILLA,NANGALKOT
S00468,CHITTAGONG,COMILLA,TITAS
S00469,CHITTAGONG,COX'S BAZAR,CHAKARIA
S00470,CHITTAGONG,COX'S BAZAR,COX'S BAZAR SADAR
S00471,CHITTAGONG,COX'S BAZAR,KUTUBDIA
S00472,CHITTAGONG,COX'S BAZAR,MAHESHKHALI
S00473,CHITTAGONG,COX'S BAZAR,PEKUA
S00474,CHITTAGONG,COX'S BAZAR,RAMU
S00475,CHITTAGONG,COX'S BAZAR,TEKNAF
S00476,CHITTAGONG,COX'S BAZAR,UKHIA
S00477,CHITTAGONG,FENI,CHHAGALNAIYA
S00478,CHITTAGONG,FENI,DAGANBHUIYAN
S00479,CHITTAGONG,FENI,FENI SADAR
S00480,CHITTAGONG,FENI,FULGAZI
S00481,CHITTAGONG,FENI,PARSHURAM
S00482,CHITTAGONG,FENI,SONAGAZI
S00483,CHITTAGONG,KHAGRACHHARI,DIGHINALA
S00484,CHITTAGONG,KHAGRACHHARI,KHAGRACHHARI SADAR
S00485,CHITTAGONG,KHAGRACHHARI,LAKSHMICHHARI
S00486,CHITTAGONG,KHAGRACHHARI,MAHALCHHARI
S00487,CHITTAGONG,KHAGRACHHARI,MANIKCHHARI
S00488,CHITTAGONG,KHAGRACHHARI,MATIRANGA
S00489,CHITTAGONG,KHAGRACHHARI,PANCHHARI
S00490,CHITTAGONG,KHAGRACHHARI,RAMGARH
S00491,CHITTAGONG,LAKSHMIPUR,KAMALNAGAR
S00492,CHITTAGONG,LAKSHMIPUR,LAKSHMIPUR SADAR
S00493,CHITTAGONG,LAKSHMIPUR,ROYPUR
S00494,CHITTAGONG,LAKSHMIPUR,RAMGANJ
S00495,CHITTAGONG,LAKSHMIPUR,RAMGATI
S00496,CHITTAGONG,NOAKHALI,BEGUMGANJ
S00497,CHITTAGONG,NOAKHALI,CHATKHIL
S00498,CHITTAGONG,NOAKHALI,COMPANIGANJ
S00499,CHITTAGONG,NOAKHALI,HATIYA
S00500,CHITTAGONG,NOAKHALI,KABIRHAT
S00501,CHITTAGONG,NOAKHALI,SENBAGH
S00502,CHITTAGONG,NOAKHALI,SONAIMURI
S00503,CHITTAGONG,NOAKHALI,SUBARNACHAR
S00504,CHITTAGONG,NOAKHALI,NOAKHALI SADAR
S00505,CHITTAGONG,RANGAMATI,BAGHAICHHARI
S00506,CHITTAGONG,RANGAMATI,BARKAL UPAZILA
S00507,CHITTAGONG,RANGAMATI,KAWKHALI (BETBUNIA)
S00508,CHITTAGONG,RANGAMATI,BELAI CHHARI  UPAZI
S00509,CHITTAGONG,RANGAMATI,KAPTAI  UPAZILA
S00510,CHITTAGONG,RANGAMATI,JURAI CHHARI UPAZIL
S00511,CHITTAGONG,RANGAMATI,LANGADU  UPAZILA
S00512,CHITTAGONG,RANGAMATI,NANIARCHAR  UPAZILA
S00513,CHITTAGONG,RANGAMATI,RAJASTHALI  UPAZILA
S00514,CHITTAGONG,RANGAMATI,RANGAMATI SADAR  UP
S00515,BARISAL,BARGUNA,AMTALI
S00516,BARISAL,BARGUNA,BAMNA
S00517,BARISAL,BARGUNA,BARGUNA SADAR
S00518,BARISAL,BARGUNA,BETAGI
S00519,BARISAL,BARGUNA,PATHARGHATA
S00520,BARISAL,BARGUNA,TALTALI
S00521,BARISAL,BARISAL,AGAILJHARA
S00522,BARISAL,BARISAL,BABUGANJ
S00523,BARISAL,BARISAL,BAKERGANJ
S00524,BARISAL,BARISAL,BANARI PARA
S00525,BARISAL,BARISAL,GAURNADI
S00526,BARISAL,BARISAL,HIZLA
S00527,BARISAL,BARISAL,BARISAL SADAR (KOTWALI)
S00528,BARISAL,BARISAL,MEHENDIGANJ
S00529,BARISAL,BARISAL,MULADI
S00530,BARISAL,BARISAL,WAZIRPUR
S00531,BARISAL,BHOLA,BHOLA SADAR
S00532,BARISAL,BHOLA,BURHANUDDIN
S00533,BARISAL,BHOLA,CHAR FASSON
S00534,BARISAL,BHOLA,DAULAT KHAN
S00535,BARISAL,BHOLA,LALMOHAN
S00536,BARISAL,BHOLA,MANPURA
S00537,BARISAL,BHOLA,TAZUMUDDIN
S00538,BARISAL,JHALOKATI,JHALOKATI SADAR
S00539,BARISAL,JHALOKATI,KANTHALIA
S00540,BARISAL,JHALOKATI,NALCHITY
S00541,BARISAL,JHALOKATI,RAJAPUR
S00542,BARISAL,PATUAKHALI,BAUPHAL
S00543,BARISAL,PATUAKHALI,DASHMINA
S00544,BARISAL,PATUAKHALI,DUMKI
S00545,BARISAL,PATUAKHALI,GALACHIPA
S00546,BARISAL,PATUAKHALI,KALAPARA
S00547,BARISAL,PATUAKHALI,MIRZAGANJ
S00548,BARISAL,PATUAKHALI,PATUAKHALI SADAR
S00549,BARISAL,PATUAKHALI,RANGABALI
S00550,BARISAL,PIROJPUR,BHANDARIA
S00551,BARISAL,PIROJPUR,KAWKHALI
S00552,BARISAL,PIROJPUR,MATHBARIA
S00553,BARISAL,PIROJPUR,NAZIRPUR
S00554,BARISAL,PIROJPUR,PIROJPUR SADAR
S00555,BARISAL,PIROJPUR,NESARABAD (SWARUPKATI)
S00556,BARISAL,PIROJPUR,ZIANAGAR
S00557,RAJSHAHI,RAJSHAHI,BAGHA
S00558,RAJSHAHI,RAJSHAHI,BAGHMARA
S00559,RAJSHAHI,RAJSHAHI,BOALIA
S00560,RAJSHAHI,RAJSHAHI,CHARGHAT
S00561,RAJSHAHI,RAJSHAHI,DURGAPUR
S00562,RAJSHAHI,RAJSHAHI,GODAGARI
S00563,RAJSHAHI,RAJSHAHI,MATIHAR
S00564,RAJSHAHI,RAJSHAHI,MOHANPUR
S00565,RAJSHAHI,RAJSHAHI,PABA
S00566,RAJSHAHI,RAJSHAHI,PUTHIA
S00567,RAJSHAHI,RAJSHAHI,RAJPARA
S00568,RAJSHAHI,RAJSHAHI,SHAH MAKHDUM
S00569,RAJSHAHI,RAJSHAHI,TANORE
S00570,KHULNA,KHULNA,BATIAGHATA
S00571,KHULNA,KHULNA,DACOPE
S00572,KHULNA,KHULNA,DAULATPUR
S00573,KHULNA,KHULNA,DUMURIA
S00574,KHULNA,KHULNA,DIGHALIA
S00575,KHULNA,KHULNA,KHALISHPUR
S00576,KHULNA,KHULNA,KHAN JAHAN ALI
S00577,KHULNA,KHULNA,KHULNA SADAR
S00578,KHULNA,KHULNA,KOYRA
S00579,KHULNA,KHULNA,PAIKGACHHA
S00580,KHULNA,KHULNA,PHULTALA
S00581,KHULNA,KHULNA,RUPSA
S00582,KHULNA,KHULNA,SONADANGA
S00583,KHULNA,KHULNA,TEROKHADA
S00584,DHAKA,DHAKA,ADABOR
S00585,DHAKA,DHAKA,ADABOR
S00586,DHAKA,DHAKA,BADDA
S00587,DHAKA,DHAKA,BADDA
S00588,DHAKA,DHAKA,BANGSHAL
S00589,DHAKA,DHAKA,BANGSHAL
S00590,DHAKA,DHAKA,BIMAN BANDAR
S00591,DHAKA,DHAKA,BIMAN BANDAR
S00592,DHAKA,DHAKA,BANANI
S00593,DHAKA,DHAKA,BANANI
S00594,DHAKA,DHAKA,CANTONMENT
S00595,DHAKA,DHAKA,CANTONMENT
S00596,DHAKA,DHAKA,CHAK BAZAR
S00597,DHAKA,DHAKA,CHAK BAZAR
S00598,DHAKA,DHAKA,DAKSHINKHAN
S00599,DHAKA,DHAKA,DAKSHINKHAN
S00600,DHAKA,DHAKA,DARUS SALAM
S00601,DHAKA,DHAKA,DARUS SALAM
S00602,DHAKA,DHAKA,DEMRA
S00603,DHAKA,DHAKA,DEMRA
S00604,DHAKA,DHAKA,DHAMRAI
S00605,DHAKA,DHAKA,DHAMRAI
S00606,DHAKA,DHAKA,DHANMONDI
S00607,DHAKA,DHAKA,DHANMONDI
S00608,DHAKA,DHAKA,DOHAR
S00609,DHAKA,DHAKA,DOHAR
S00610,DHAKA,DHAKA,BHASAN TEK
S00611,DHAKA,DHAKA,BHASAN TEK
S00612,DHAKA,DHAKA,BHATARA
S00613,DHAKA,DHAKA,BHATARA
S00614,DHAKA,DHAKA,GENDARIA
S00615,DHAKA,DHAKA,GENDARIA
S00616,DHAKA,DHAKA,GULSHAN
S00617,DHAKA,DHAKA,GULSHAN
S00618,DHAKA,DHAKA,HAZARIBAGH
S00619,DHAKA,DHAKA,HAZARIBAGH
S00620,DHAKA,DHAKA,JATRABARI
S00621,DHAKA,DHAKA,JATRABARI
S00622,DHAKA,DHAKA,KAFRUL
S00623,DHAKA,DHAKA,KAFRUL
S00624,DHAKA,DHAKA,KADAMTALI
S00625,DHAKA,DHAKA,KADAMTALI
S00626,DHAKA,DHAKA,KALABAGAN
S00627,DHAKA,DHAKA,KALABAGAN
S00628,DHAKA,DHAKA,KAMRANGIR CHAR
S00629,DHAKA,DHAKA,KAMRANGIR CHAR
S00630,DHAKA,DHAKA,KHILGAON
S00631,DHAKA,DHAKA,KHILGAON
S00632,DHAKA,DHAKA,KHILKHET
S00633,DHAKA,DHAKA,KHILKHET
S00634,DHAKA,DHAKA,KERANIGANJ
S00635,DHAKA,DHAKA,KERANIGANJ
S00636,DHAKA,DHAKA,KOTWALI
S00637,DHAKA,DHAKA,KOTWALI
S00638,DHAKA,DHAKA,LALBAGH
S00639,DHAKA,DHAKA,LALBAGH
S00640,DHAKA,DHAKA,MIRPUR
S00641,DHAKA,DHAKA,MIRPUR
S00642,DHAKA,DHAKA,MOHAMMADPUR
S00643,DHAKA,DHAKA,MOHAMMADPUR
S00644,DHAKA,DHAKA,MOTIJHEEL
S00645,DHAKA,DHAKA,MOTIJHEEL
S00646,DHAKA,DHAKA,MUGDA PARA
S00647,DHAKA,DHAKA,MUGDA PARA
S00648,DHAKA,DHAKA,NAWABGANJ
S00649,DHAKA,DHAKA,NAWABGANJ
S00650,DHAKA,DHAKA,NEW MARKET
S00651,DHAKA,DHAKA,NEW MARKET
S00652,DHAKA,DHAKA,PALLABI
S00653,DHAKA,DHAKA,PALLABI
S00654,DHAKA,DHAKA,PALTAN
S00655,DHAKA,DHAKA,PALTAN
S00656,DHAKA,DHAKA,RAMNA
S00657,DHAKA,DHAKA,RAMNA
S00658,DHAKA,DHAKA,RAMPURA
S00659,DHAKA,DHAKA,RAMPURA
S00660,DHAKA,DHAKA,SABUJBAGH
S00661,DHAKA,DHAKA,SABUJBAGH
S00662,DHAKA,DHAKA,RUPNAGAR
S00663,DHAKA,DHAKA,RUPNAGAR
S00664,DHAKA,DHAKA,SAVAR
S00665,DHAKA,DHAKA,SAVAR
S00666,DHAKA,DHAKA,SHAHJAHANPUR
S00667,DHAKA,DHAKA,SHAHJAHANPUR
S00668,DHAKA,DHAKA,SHAH ALI
S00669,DHAKA,DHAKA,SHAH ALI
S00670,DHAKA,DHAKA,SHAHBAGH
S00671,DHAKA,DHAKA,SHAHBAGH
S00672,DHAKA,DHAKA,SHYAMPUR
S00673,DHAKA,DHAKA,SHYAMPUR
S00674,DHAKA,DHAKA,SHER-E-BANGLA NAGAR
S00675,DHAKA,DHAKA,SHER-E-BANGLA NAGAR
S00676,DHAKA,DHAKA,SUTRAPUR
S00677,DHAKA,DHAKA,SUTRAPUR
S00678,DHAKA,DHAKA,TEJGAON
S00679,DHAKA,DHAKA,TEJGAON
S00680,DHAKA,DHAKA,TEJGAON IND. AREA
S00681,DHAKA,DHAKA,TEJGAON IND. AREA
S00682,DHAKA,DHAKA,TURAG
S00683,DHAKA,DHAKA,TURAG
S00684,DHAKA,DHAKA,UTTARA  PASCHIM
S00685,DHAKA,DHAKA,UTTARA  PASCHIM
S00686,DHAKA,DHAKA,UTTARA  PURBA
S00687,DHAKA,DHAKA,UTTARA  PURBA
S00688,DHAKA,DHAKA,UTTAR KHAN
S00689,DHAKA,DHAKA,UTTAR KHAN
S00690,DHAKA,DHAKA,WARI
S00691,DHAKA,DHAKA,WARI
S00692,CHITTAGONG,CHITTAGONG,ANOWARA
S00693,CHITTAGONG,CHITTAGONG,BAYEJID BOSTAMI
S00694,CHITTAGONG,CHITTAGONG,BANSHKHALI
S00695,CHITTAGONG,CHITTAGONG,BAKALIA
S00696,CHITTAGONG,CHITTAGONG,BOALKHALI
S00697,CHITTAGONG,CHITTAGONG,CHANDANAISH
S00698,CHITTAGONG,CHITTAGONG,CHANDGAON
S00699,CHITTAGONG,CHITTAGONG,CHITTAGONG PORT
S00700,CHITTAGONG,CHITTAGONG,DOUBLE MOORING
S00701,CHITTAGONG,CHITTAGONG,FATIKCHHARI
S00702,CHITTAGONG,CHITTAGONG,HALISHAHAR
S00703,CHITTAGONG,CHITTAGONG,HATHAZARI
S00704,CHITTAGONG,CHITTAGONG,KOTWALI
S00705,CHITTAGONG,CHITTAGONG,KHULSHI
S00706,CHITTAGONG,CHITTAGONG,LOHAGARA
S00707,CHITTAGONG,CHITTAGONG,MIRSHARAI
S00708,CHITTAGONG,CHITTAGONG,PAHARTALI
S00709,CHITTAGONG,CHITTAGONG,PANCHLAISH
S00710,CHITTAGONG,CHITTAGONG,PATIYA
S00711,CHITTAGONG,CHITTAGONG,PATENGA
S00712,CHITTAGONG,CHITTAGONG,RANGUNIA
S00713,CHITTAGONG,CHITTAGONG,RAOZAN
S00714,CHITTAGONG,CHITTAGONG,SANDWIP
S00715,CHITTAGONG,CHITTAGONG,SATKANIA
S00716,CHITTAGONG,CHITTAGONG,SITAKUNDA
S00717,BARISAL,BARISAL,AGAILJHARA
S00718,BARISAL,BARISAL,BABUGANJ
S00719,BARISAL,BARISAL,BAKERGANJ
S00720,BARISAL,BARISAL,BANARI PARA
S00721,BARISAL,BARISAL,GAURNADI
S00722,BARISAL,BARISAL,HIZLA
S00723,BARISAL,BARISAL,BARISAL SADAR (KOTWALI)
S00724,BARISAL,BARISAL,MEHENDIGANJ
S00725,BARISAL,BARISAL,MULADI
S00726,BARISAL,BARISAL,WAZIRPUR
